,PLAYER,TEAM,AGE,GP,W,L,MIN,OFFRTG,DEFRTG,NETRTG,AST%,AST/TO,AST RATIO,OREB%,DREB%,REB%,TO RATIO,EFG%,TS%,USG%,PACE,PIE
,Bojan Bogdanovic,WAS,28,81,23,58,25.7,103.3,110.2,-7,8.6,0.85,9.3,2,12.4,7.3,11,53,58.5,22.4,102.76,9.1
,Bradley Beal,WAS,24,77,48,29,34.9,112.1,106.5,5.6,15.4,1.71,14.1,2.2,7.8,5,8.2,56.6,60.4,26.3,100.11,11.9
,Brandon Jennings,WAS,27,81,37,44,22.2,105.1,108.1,-3,30.8,3.09,35.1,1.8,10,5.9,11.4,43.3,47.9,17.5,99.85,8.9
,Ian Mahinmi,WAS,30,31,19,12,17.9,104.3,104,0.3,5,0.56,9.6,9.8,20.4,15.2,17.3,58.6,60.1,14,98.9,8.2
,John Wall,WAS,26,78,48,30,36.4,111.2,107.3,3.9,45,2.58,29.5,2.3,10.5,6.4,11.4,48.2,54.1,30.2,101.07,15.3
,Kelly Oubre Jr.,WAS,21,79,47,32,20.3,106,105.6,0.4,4.2,0.94,8.1,4.4,13.8,9.2,8.6,48.2,51.6,14.7,99.53,5.5
,Marcin Gortat,WAS,33,82,49,33,31.2,110.2,107.4,2.8,6.5,1.02,12.3,10.4,26.9,18.6,12.1,57.9,59.3,14.7,99.85,10.9
,Marcus Thornton,WAS,30,33,15,18,17.4,102.1,114.8,-12.7,10.8,1.64,14.2,4.3,12,7.9,8.7,46.7,49.4,18.8,98.29,6.9
,Markieff Morris,WAS,27,76,45,31,31.2,109.4,105.5,3.9,7.6,0.98,10.2,5.1,18,11.7,10.4,49.7,54,20.4,100.12,8.9
,Otto Porter Jr.,WAS,24,80,48,32,32.6,110.3,107.2,3.1,6.6,2.75,11.9,5,17.2,11.1,4.3,60.8,62.8,14.9,100.48,10.9
,Alec Burks,UTA,25,42,26,16,15.5,105,104.9,0.1,7.4,0.86,8.6,2.9,18,10.3,10.1,45,50.1,21.9,95.94,8.7
,Boris Diaw,UTA,35,73,45,28,17.6,106,103.6,2.4,20.7,1.95,28.4,4.3,10.3,7.3,14.5,47.7,49.4,15.8,93.08,7.1
,Dante Exum,UTA,21,66,40,26,18.6,103.6,101.6,2,14.4,1.39,18.9,2.9,9.1,6.1,13.6,48.8,52.1,18.1,94.42,5.4
,Derrick Favors,UTA,25,50,33,17,23.7,105.1,102.3,2.8,7.9,0.93,9.6,9.2,20.5,15,10.3,49,51.2,20.8,92.72,10.8
,George Hill,UTA,31,49,33,16,31.5,109.7,101,8.6,22.7,2.4,20.8,1.7,10.5,6.2,8.7,55.4,59.9,23.6,92.9,12.8
,Gordon Hayward,UTA,27,73,46,27,34.5,109.5,102.4,7.1,17.9,1.8,14.5,2.3,15.2,9,8.1,53.6,59.5,27.6,93.44,15.8
,Joe Ingles,UTA,29,82,51,31,24.1,109.4,104.6,4.8,16.8,2.1,27.7,1.4,13.9,7.8,13.2,58.9,60.4,13.9,94.04,8.9
,Joe Johnson,UTA,36,78,47,31,23.6,108.4,104.3,4.2,12.5,2.09,16.5,2.2,12.9,7.7,7.9,52.1,54.2,18.6,93.26,9.5
,Rodney Hood,UTA,24,59,40,19,27,106.7,102.6,4.2,10.2,1.48,10.9,1.2,13,7.4,7.4,49.4,52.2,23.1,93.25,8.6
,Rudy Gobert,UTA,25,81,51,30,33.9,108.7,100.6,8.1,5.7,0.66,9,13.8,28.8,21.7,13.6,66.1,68.1,16.7,93.11,16.1
,Shelvin Mack,UTA,27,55,34,21,21.9,105.1,104.8,0.3,21,1.71,23.4,2,9.9,6,13.7,49.5,51.8,19.5,93.44,7.9
,Trey Lyles,UTA,21,71,43,28,16.3,103.9,103,0.9,9.8,1.08,11.4,4.7,17.8,11.3,10.5,43.6,46.4,21.4,94.43,7.6
,Cory Joseph,TOR,25,80,49,31,25,108.7,106.8,2,20,2.45,24.4,2.9,10.4,6.6,9.9,48.9,51.8,18.3,97.43,8.9
,DeMar DeRozan,TOR,27,74,47,27,35.4,110.2,107,3.3,20.4,1.61,12.6,3,13.4,8.3,7.8,47.7,55.2,34.2,97.69,15.5
,DeMarre Carroll,TOR,30,72,44,28,26.1,109.5,106.3,3.3,5.6,1.37,10.1,3.8,12.6,8.3,7.4,49.9,53,15.6,96.82,7.1
,Delon Wright,TOR,25,27,19,8,16.5,104.9,96.2,8.8,20.4,2.28,25.7,4.2,8.4,6.3,11.3,46.6,53.5,16.7,94.48,10.5
,Jonas Valanciunas,TOR,25,80,50,30,25.8,109.6,107.2,2.5,4.3,0.54,5.9,12.4,29.7,21,11,55.8,60.1,19.5,96.61,13.6
,Kyle Lowry,TOR,31,60,36,24,37.4,112.8,104.6,8.2,29.3,2.41,25,2.4,12.1,7.3,10.4,56.9,62.3,24.9,96.85,14.7
,Lucas Nogueira,TOR,24,57,34,23,19.1,112.6,102.8,9.8,5.3,0.91,15.4,8.4,15.8,12.2,16.8,67,68.2,9.5,97.57,8.5
,Norman Powell,TOR,24,76,47,29,18,109.1,105.4,3.7,9.4,1.17,11.3,2.2,12,7.2,9.6,50.4,55.2,21.2,97.93,8.7
,PJ Tucker,TOR,32,81,35,46,27.6,104.9,106.1,-1.2,6.3,1.5,14.4,5.6,18.1,11.7,9.6,48.5,51.6,11.3,100,7.9
,Pascal Siakam,TOR,23,55,35,20,15.6,106.5,106.4,0,2.8,0.52,6.3,8.3,16.8,12.4,12.3,50.5,52.3,13.1,96.94,6
,Patrick Patterson,TOR,28,65,42,23,24.6,113.4,102.5,10.9,6.6,2,14.5,4.5,16.2,10.4,7.2,52.3,54.2,12.5,97.3,7.5
,Serge Ibaka,TOR,27,79,37,42,30.7,104.6,107.2,-2.7,5,0.71,6.2,5.9,18.8,12.4,8.6,54.3,56.6,21.1,97.87,10.6
,Danny Green,SAS,30,68,51,17,26.6,108.9,101.1,7.8,9.7,1.63,18.7,2,11.6,7,11.5,52.3,53.7,13.7,94.47,6.9
,David Lee,SAS,34,79,58,21,18.7,110.2,99.2,11,12.6,1.51,18.4,11.8,21.1,16.7,12.1,59,61.3,16.6,98.36,12.6
,Dewayne Dedmon,SAS,27,76,55,21,17.5,105.9,97.5,8.4,4.9,0.72,10.9,11.4,30.2,21.2,15.1,62.2,64.5,12.2,95.97,12.4
,Jonathon Simmons,SAS,27,78,60,18,17.9,105.5,96.7,8.8,13.7,1.66,18.5,1.7,11.1,6.5,11.2,45.6,50.4,17.9,97.59,6.7
,Kawhi Leonard,SAS,26,74,54,20,33.4,112.6,104,8.6,18.2,1.69,13.3,3.8,16,10,7.9,54.1,61,31.2,95.79,17.4
,LaMarcus Aldridge,SAS,31,72,52,20,32.4,109.1,103,6.1,10,1.42,9.9,8.4,17.1,12.8,7,48.8,53.2,24.9,94.47,12.2
,Manu Ginobili,SAS,39,69,51,18,18.7,111,100.6,10.4,19.9,1.91,23.9,2.5,11.3,6.9,12.5,49.1,53.2,19.5,100.94,8.7
,Patty Mills,SAS,28,80,60,20,21.9,111.9,99.9,12,23.6,2.77,27,1.5,7.4,4.5,9.7,55.8,57.8,18.9,98.97,10
,Pau Gasol,SAS,36,64,47,17,25.4,110.7,104,6.8,14.3,1.85,16.4,7.7,27.1,17.6,8.8,54.8,57.8,21.6,95.48,14.3
,Tony Parker,SAS,35,63,46,17,25.2,108,102.6,5.4,27.6,3.2,28.7,0.7,7.2,4.1,8.9,48.6,51.4,20.7,93.94,9.3
,Anthony Tolliver,SAC,32,65,26,39,22.7,105.8,110.6,-4.8,7.7,1.38,14.8,4.1,14.8,9.4,10.8,57,59.5,13.5,97.77,7.3
,Arron Afflalo,SAC,31,61,23,38,25.9,104.4,112.1,-7.7,7.7,1.86,13.4,0.7,8.7,4.7,7.2,51.4,55.9,14.7,96.17,5.8
,Ben McLemore,SAC,24,61,27,34,19.3,102,108.5,-6.5,6.8,0.82,8.9,1.9,10.6,6.3,10.8,50.7,53.8,20.1,97.04,6
,Buddy Hield,SAC,23,82,31,51,23,102,107.5,-5.5,10.1,1.2,11.8,2,13.4,7.7,9.9,52.3,54.1,21.4,98.9,8.4
,Darren Collison,SAC,29,68,26,42,30.3,106.1,110.4,-4.2,24.3,2.74,25.7,1.3,7.4,4.3,9.4,52.7,57,20,96.23,10
,Garrett Temple,SAC,31,65,25,40,26.6,104.6,109.7,-5.1,14.6,2.15,23.6,2.2,10.1,6.2,11,51.9,54.5,14.2,97.51,7.1
,Georgios Papagiannis,SAC,19,22,7,15,16.1,104.3,110.5,-6.2,8.5,0.83,13.1,9,18.3,14.2,15.8,54.9,57.3,16.9,96.93,8.2
,Jordan Farmar,SAC,30,2,1,1,17.7,114.5,120.9,-6.4,34.6,3,37.5,3.8,6.1,5.1,12.5,50,50,19.1,96.3,8.7
,Kosta Koufos,SAC,28,71,27,44,20,102,107.7,-5.7,5.3,0.77,8.9,9.5,22.3,16,11.6,55.1,56,15.4,96.17,9.3
,Langston Galloway,SAC,25,74,29,45,20.2,103.1,104.6,-1.5,9.8,2.02,13.1,1.9,9.4,5.6,6.5,49,51,18.5,99.48,6.7
,Rudy Gay,SAC,30,30,11,19,33.8,106.5,104.8,1.7,14,1.12,12.6,3.9,17.6,10.7,11.2,50.2,55.9,25.1,98.07,12.5
,Skal Labissiere,SAC,21,33,9,24,18.5,104.3,107.2,-2.9,7.1,0.73,8.6,9.5,19.4,14.6,11.8,54.4,57.7,21.2,97.78,10.6
,Ty Lawson,SAC,29,69,25,44,25.1,104.4,108.7,-4.2,30,2.59,30.9,2.9,8.7,5.9,11.9,48.7,55.1,19.3,98.33,10.6
,Tyreke Evans,SAC,27,40,17,23,19.7,97.5,106.2,-8.6,28.1,2.03,20.8,1.7,17.8,9.5,10.2,46.2,50.1,27,98.53,11.8
,Willie Cauley-Stein,SAC,23,75,29,46,18.9,102.5,108.8,-6.3,9.3,1.16,11.5,6.9,20,13.5,9.9,53,55.8,19.9,96.91,10.6
,Al-Farouq Aminu,POR,26,61,33,28,29.1,107.7,105.9,1.8,8.2,1.05,13.8,4.9,23.2,14.1,13.1,46.8,50.6,15.8,98.38,9.2
,Allen Crabbe,POR,25,79,39,40,28.5,106.1,108.9,-2.8,6.3,1.52,11,0.9,10.5,5.6,7.2,57.2,60.2,14.9,99.95,7.4
,CJ McCollum,POR,25,80,40,40,34.9,109,107.9,1.2,17.5,1.66,14.1,2.4,9,5.7,8.5,54.4,58.5,27.4,99.29,12.5
,Damian Lillard,POR,26,75,38,37,35.9,110.1,108.9,1.2,27.7,2.23,18.6,1.8,13.4,7.5,8.3,51.6,58.6,30.9,99.68,15.9
,Ed Davis,POR,28,46,19,27,17.2,104.9,110.8,-5.9,5,0.7,10.8,12.8,21.3,16.9,15.4,52.8,56.3,11.9,98.77,6.1
,Evan Turner,POR,28,65,34,31,25.5,103,107.4,-4.5,19.6,2.05,22.7,2.4,14.4,8.2,11.1,45.4,49.1,18.6,99.29,8.8
,Jusuf Nurkic,POR,22,65,34,31,21.4,104.4,106.5,-2.1,14.2,0.86,13.8,12.4,23.6,18.2,16,50.7,52.8,23.5,100.65,11.7
,Maurice Harkless,POR,24,77,38,39,28.9,111.7,108.3,3.4,5.6,1.02,10.3,6.2,10.7,8.5,10.1,55.8,57,15.1,99.45,6.9
,Meyers Leonard,POR,25,74,37,37,16.5,105,107.6,-2.6,8.5,2.03,14.2,2.4,19.4,10.8,7,48.4,50.7,15.7,99.44,6.1
,Noah Vonleh,POR,21,74,38,36,17.1,103,105.1,-2,3.6,0.48,7.6,11.1,22.4,16.7,15.7,49.4,52.5,13.1,98.18,7.3
,Alan Williams,PHX,24,47,11,36,15.1,105.6,105.8,-0.3,4.9,0.62,6.1,13.8,29.3,21.5,9.8,51.7,54.7,20.6,102.8,12.7
,Alex Len,PHX,24,77,21,56,20.3,99.4,110.5,-11.1,4.3,0.43,6.3,10.4,25.1,17.5,14.6,50,55.3,17.6,103.52,9.5
,Brandon Knight,PHX,25,54,16,38,21.1,98.8,110.9,-12.1,19.4,1.48,16,2.3,9.4,5.7,10.9,44.1,50.2,25.3,102.73,8.8
,Derrick Jones Jr.,PHX,20,32,7,25,17,107.9,103.5,4.4,3,0.92,7.3,7.6,7.8,7.7,7.9,57.4,60.4,11.7,102.98,6
,Devin Booker,PHX,20,78,24,54,35,105.6,110,-4.4,16,1.11,12.6,1.8,8.2,4.9,11.3,47.5,53.1,28.4,103.62,8.9
,Eric Bledsoe,PHX,27,66,22,44,33,106.1,110.2,-4.1,30.9,1.87,22.3,2.5,13.9,8,11.9,48.5,56.3,28,103.09,14.1
,Jared Dudley,PHX,31,64,17,47,21.3,102.9,103.9,-1,12.6,1.66,21.3,2.4,15.6,8.9,12.8,56.5,57.9,13.8,103.23,7.9
,Marquese Chriss,PHX,19,82,24,58,21.3,102.5,113.3,-10.8,5.1,0.56,6.8,5.8,16.4,10.9,12.3,50.6,52.9,19.6,103.56,6.3
,TJ Warren,PHX,23,66,20,46,31,105.2,112,-6.8,5.6,1.32,7.4,6.4,11.6,8.9,5.6,51.1,53.9,19,103.67,9.1
,Tyler Ulis,PHX,21,61,15,46,18.4,101.8,108.3,-6.5,29.7,2.94,29.3,1.8,7.3,4.5,10,44.5,47.4,20.2,103.45,9.5
,Tyson Chandler,PHX,34,47,15,32,27.6,106.6,109.5,-2.9,3.3,0.46,7.9,12.7,33.9,23,17.2,67.1,70.3,11.3,101.88,13.1
,Alex Poythress,PHI,23,6,0,6,26.1,106.8,116.4,-9.6,5.2,1.67,7.5,7.3,13.7,10.3,4.5,51.9,54.8,16.6,99.21,7.9
,Dario Saric,PHI,23,81,28,53,26.3,99.7,106.9,-7.2,14.5,0.99,13.1,5.9,20.7,13.3,13.2,46.8,50.8,24.4,101.53,10.3
,Gerald Henderson,PHI,29,72,24,48,23.2,99.7,108.1,-8.4,10.8,1.81,14,2.2,10.4,6.2,7.8,47.8,52.9,17.9,100.88,7.3
,Jahlil Okafor,PHI,21,50,15,35,22.7,95.1,109.5,-14.5,9.7,0.64,8.4,7.5,16.3,11.7,13.2,51.4,54.6,24.7,98.93,9.7
,Jerryd Bayless,PHI,28,3,1,2,23.8,93.3,106.3,-12.9,36.1,1.44,22.3,4.7,12.7,8.9,15.4,37.5,45.3,28.4,97.84,9.7
,Joel Embiid,PHI,23,31,13,18,25.4,102.4,99.1,3.2,17.4,0.56,9.2,9.2,24.7,17.3,16.3,50.8,58.4,36.3,100.25,17.4
,Justin Anderson,PHI,23,75,24,51,16.4,101.8,108.3,-6.6,8.9,1,10.5,6,17.3,11.3,10.5,49,53.7,20.6,97.35,9.1
,Nik Stauskas,PHI,23,80,27,53,27.3,102.4,107.1,-4.8,12.9,1.47,18.5,1.1,10.2,5.7,12.6,50,54,16.4,100.28,6.7
,Richaun Holmes,PHI,23,57,16,41,20.9,102.4,110,-7.6,8.1,1.05,10.2,8.7,19.8,14.3,9.6,59.1,61.1,18.8,100.79,11.6
,Robert Covington,PHI,26,67,27,40,31.6,99.8,103.3,-3.5,7.5,0.78,9.8,4.7,17.7,11.2,12.6,49.2,53.4,19,101.81,9.1
,Sergio Rodriguez,PHI,31,68,24,44,22.3,100.7,106,-5.3,34.9,2.69,33.7,1.5,10.1,5.8,12.6,47.8,48.4,19.4,99.81,9.4
,T.J. McConnell,PHI,25,81,27,54,26.3,100.5,106.7,-6.2,37.4,3.36,42.9,2,10.9,6.5,12.8,47.2,50.4,14.4,102.22,10.7
,Timothe Luwawu-Cabarrot,PHI,22,69,23,46,17.2,101.4,103.8,-2.5,9.3,1.03,13.3,2.3,11.2,6.8,13,47.1,53.6,17.7,101.64,5.3
,Aaron Gordon,ORL,21,80,29,51,28.7,105.4,108.2,-2.8,9.7,1.69,12.5,5.4,14.1,9.6,7.4,49.9,53,20,99.7,8.8
,Bismack Biyombo,ORL,24,81,29,52,22.1,98.8,108.2,-9.4,6.5,0.78,12.1,9.4,25.6,17.3,15.5,52.8,54.6,13.5,96.83,8.7
,C.J. Watson,ORL,33,62,20,42,16.3,97.5,107.5,-9.9,17.4,2.43,26,1.7,8.4,4.8,10.7,45.2,50.7,14.2,98.51,6.3
,D.J. Augustin,ORL,29,78,29,49,19.7,94.6,109.6,-15.1,23.7,2.32,23.6,1,7.7,4.2,10.1,46.9,52.4,19.9,97.4,8
,Elfrid Payton,ORL,23,82,29,53,29.4,104.7,107.5,-2.7,32.9,2.97,30.9,3.9,13.6,8.6,10.4,49.3,52,21.3,100.23,11.7
,Evan Fournier,ORL,24,68,23,45,32.8,102.2,107.1,-4.9,14.4,1.43,14.5,2.1,8.1,5,10.1,50.8,55.5,23.3,99.6,8.5
,Jeff Green,ORL,30,69,26,43,22.2,97.5,106.6,-9.1,8.9,1.08,10.3,2.7,12.5,7.5,9.5,44.2,50.5,20.4,98.84,7.7
,Jodie Meeks,ORL,29,36,14,22,20.5,104.9,110.4,-5.4,8.9,1.25,12.2,0.7,11.4,5.9,9.7,51.2,56.7,19.6,100.24,8.1
,Nikola Vucevic,ORL,26,75,27,48,28.8,102.5,106.1,-3.6,15.7,1.78,14.6,8.6,30.6,19.3,8.2,48,49.8,24.3,100.74,14.2
,Terrence Ross,ORL,26,78,39,39,25.1,111.1,107.7,3.4,6.6,1.29,9.4,1,10.8,5.8,7.3,53.2,55,18.9,99.82,7.8
,Alex Abrines,OKC,23,68,37,31,15.5,106,108.3,-2.3,5.5,1.21,9.2,1.9,7.4,4.6,7.6,53.1,56,15.7,101.04,5.2
,Andre Roberson,OKC,25,79,46,33,30.1,106.1,103.3,2.8,4.5,1.55,12.3,4.6,13.8,9.2,7.9,51.3,51,10,101.08,5.9
,Domantas Sabonis,OKC,21,81,46,35,20.1,102,101.9,0.2,7.3,0.99,12.1,3.2,16.4,9.8,12.3,45.2,46.9,15.8,99.61,4.9
,Doug McDermott,OKC,25,66,35,31,22.8,105.5,108.6,-3.1,6,1.53,9.2,1.5,11.7,6.6,6,52.4,55.4,16.5,97.63,7.7
,Enes Kanter,OKC,25,72,43,29,21.3,107.8,107.9,-0.1,7.8,0.54,6.4,14.7,21,17.9,11.7,54.9,59.9,27.5,99.17,15.4
,Jerami Grant,OKC,23,80,43,37,19.1,102.7,108.1,-5.4,4.4,1.05,9.5,2.7,12.2,7.4,9.1,52.9,55.6,12.3,100.42,5.8
,Josh Huestis,OKC,25,2,0,2,15.4,111.3,104.9,6.4,11.5,0,20.8,13.3,17.2,15.3,0,63.6,61.2,14.6,108.61,13.7
,Russell Westbrook,OKC,28,81,46,35,34.6,107.9,104.6,3.3,54.3,1.92,23.4,5.3,27.9,16.7,12.2,47.6,55.4,40.8,102.31,23
,Semaj Christon,OKC,24,64,36,28,15.2,102.1,108.6,-6.5,19.3,3.02,31.7,2.3,8.5,5.3,10.5,37.2,38.7,12.7,97.09,4.2
,Steven Adams,OKC,23,80,47,33,29.9,106.6,103.9,2.8,5.4,0.59,8.6,12.8,15.1,14,14.6,57.1,58.9,16,101.16,9.7
,Taj Gibson,OKC,32,78,41,37,25.5,104.9,104.6,0.3,5.7,0.7,7.6,8.4,18.1,13.2,11,51.7,54.3,19,98.39,9.7
,Victor Oladipo,OKC,25,67,39,28,33.2,104.5,102.1,2.5,12.2,1.48,13.6,1.9,12.3,7.2,9.2,51,53.4,21.3,101.1,9.5
,Carmelo Anthony,NYK,33,74,29,45,34.3,106.1,111.1,-5,14.1,1.39,11.1,2.6,16,9.2,8,48.8,53.5,29,98.48,11.8
,Courtney Lee,NYK,31,77,29,48,31.9,105.8,110.8,-4.9,10.4,2.59,18,2.3,9.2,5.7,6.9,53.3,55.9,14.5,97.86,7.7
,Derrick Rose,NYK,28,64,26,38,32.5,107.3,111.1,-3.9,21.6,1.93,18.6,3.4,9.2,6.3,9.7,47.7,53,25.6,99.19,11.2
,Joakim Noah,NYK,32,46,17,29,22.1,105,111,-6,13.8,1.78,25.9,16.2,25.6,20.8,14.6,49,49.1,12.5,98.45,9.4
,Justin Holiday,NYK,28,82,31,51,20,103.4,105,-1.7,9.5,1.55,13.8,1.8,13,7.4,8.9,52.3,54.9,16.9,98.65,9.2
,Kristaps Porzingis,NYK,21,66,26,40,32.8,104.6,107.7,-3.1,7.3,0.82,7.4,5.6,17.7,11.7,9,50.7,54.6,24.4,99.15,10.6
,Kyle O'Quinn,NYK,27,79,29,50,15.6,102.1,108.9,-6.8,14.9,1.54,18.2,13.8,25,19.3,11.8,52.3,55.2,18.6,97.82,13.2
,Lance Thomas,NYK,29,46,15,31,21,101.5,111.2,-9.7,5.3,1.4,10.7,3.5,12.3,7.9,7.7,47.5,51.6,13.2,98.29,5.5
,Ron Baker,NYK,24,52,14,38,16.5,103.4,106,-2.5,18.8,1.91,26.8,1.5,11.3,6.3,14,43.1,45.6,15.2,96.85,5.7
,Willy Hernangomez,NYK,23,72,27,45,18.4,104.8,107.6,-2.8,11.6,0.96,13.4,14.2,26.3,20.4,14,53.3,56.4,20.2,99.12,13.3
,Alexis Ajinca,NOP,29,39,15,24,15,100.5,105.3,-4.7,3.1,0.39,5,8.4,22.5,15.7,13,50,52.9,17.1,100.43,8.8
,Anthony Davis,NOP,24,75,31,44,36.1,104.2,102.5,1.7,11,0.87,7.3,6.7,26.9,17,8.4,51.8,58,32.6,100.19,19.2
,Dante Cunningham,NOP,30,66,28,38,25,105.9,106.1,-0.3,3.1,1.32,8.5,3.6,14.4,9,6.4,58.4,58.6,10.8,99.77,6.8
,DeMarcus Cousins,NOP,26,72,30,42,34.2,106.7,109,-2.2,26.2,1.23,14.3,7.2,30.5,18.8,11.6,49.8,56.2,36.4,97.11,17.8
,E'Twaun Moore,NOP,28,73,32,41,24.9,104.3,106.6,-2.4,13.8,2.65,18.7,1.9,7,4.4,7.1,51.9,53.7,17.4,100.16,7.3
,Hollis Thompson,NOP,26,40,12,28,18.8,98.8,104.7,-6,7.2,3.18,13.5,2.8,12.8,7.9,4.3,46.5,48.2,13.3,98.46,5.8
,Jarrett Jack,NOP,33,2,1,1,16.5,88.1,102.4,-14.3,26.3,1.67,42.1,0,0,0,25.3,66.7,77.3,9,97.67,5.1
,Jordan Crawford,NOP,28,19,9,10,23.3,112.7,112.5,0.2,19.2,2.28,18.3,1,7.7,4.4,8,56.7,58.2,25.9,98.47,10.2
,Jrue Holiday,NOP,27,67,32,35,32.7,103.7,102.8,0.9,35.5,2.52,29.6,2.2,10.3,6.3,11.8,51,53.2,23.5,100.12,12.1
,Omer Asik,NOP,30,31,12,19,15.6,99.4,104.4,-4.9,4.4,1.07,13.5,10.1,25.2,17.5,12.6,47.7,51.7,8.8,99.64,7.3
,Solomon Hill,NOP,26,80,34,46,29.7,104.3,103.4,0.9,8,1.72,18.6,2.3,11.3,6.8,10.8,48.1,52.7,11.5,100.61,5.3
,Tim Frazier,NOP,26,65,26,39,23.5,103.8,106.8,-3,31.2,3.32,37.4,2.3,9.7,6,11.3,45.3,50.4,16.3,99.84,8.4
,Andrew Wiggins,MIN,22,82,31,51,37.2,109.8,110.4,-0.5,10.4,1.01,8.7,3.9,8.7,6.3,8.6,48.4,53.4,28.8,97.56,9.5
,Brandon Rush,MIN,31,47,15,32,21.9,108.9,109.8,-0.8,5.8,1.61,16.8,1.9,8.9,5.5,10.5,49.2,50.5,9.7,96.76,4.3
,Gorgui Dieng,MIN,27,82,31,51,32.4,108.3,108.2,0.2,8.6,1.48,15.8,8.2,20.2,14.2,10.7,51.4,55.5,14.1,96.76,9.2
,Karl-Anthony Towns,MIN,21,82,31,51,37,109.9,110.8,-0.9,12.7,1.04,10.5,11.4,27.7,19.5,10.1,57.6,61.8,27.4,97.1,17.1
,Kris Dunn,MIN,23,78,30,48,17.1,105.7,108.6,-2.8,20,2.11,30.5,2.1,13.1,7.4,14.4,41.1,43.2,14.2,96.78,5.1
,Nemanja Bjelica,MIN,29,65,28,37,18.3,104.7,103.4,1.3,10.2,1.34,15.2,5.3,18.4,11.7,11.3,50.3,52.6,16.4,97.32,7.8
,Omri Casspi,MIN,29,36,12,24,17.8,103.9,112.3,-8.4,8.7,1.28,15.2,4.7,16.7,10.4,11.9,51.5,52.6,14,98.23,6.9
,Ricky Rubio,MIN,26,75,28,47,32.9,108.9,109.9,-1,38.5,3.5,41.3,3.2,11.2,7.2,11.8,44.8,53.9,17.4,97.07,11.4
,Shabazz Muhammad,MIN,24,78,29,49,19.4,105.3,106.8,-1.5,3.8,0.63,4.5,6.3,10.9,8.5,7.2,52.3,56.6,21.4,97.93,9.4
,Zach LaVine,MIN,22,47,16,31,37.2,106.5,110.1,-3.6,12.8,1.64,14,1.2,9.8,5.3,8.5,54.4,57.6,21.8,96.38,9.5
,Gary Payton II,MIL,24,6,2,4,16.5,88.6,115.1,-26.5,22.4,1.3,27.5,0,14.8,7.2,21.2,38.6,41.3,16.2,96.75,4.1
,Giannis Antetokounmpo,MIL,22,80,42,38,35.6,107.4,105.9,1.5,26.9,1.85,19.8,5.8,22.6,14.3,10.7,54.1,59.9,28.3,96.46,17.6
,Greg Monroe,MIL,27,81,42,39,22.5,110.1,106.4,3.7,16.5,1.34,16.1,11.2,23.7,17.6,12.1,53.3,57.2,24.2,96.98,13.9
,Jabari Parker,MIL,22,51,22,29,33.9,106.8,109.3,-2.5,13.7,1.53,12.4,5.3,15.1,10.3,8.1,53,56.3,26,98.47,12.1
,Jason Terry,MIL,39,74,37,37,18.4,107.1,102.4,4.7,10,2.72,25.1,1.3,7.7,4.6,9.2,58.2,60,9.8,95.82,5.8
,John Henson,MIL,26,58,26,32,19.4,105.2,107,-1.8,7.6,1.1,12.3,9.3,20.2,14.8,11.2,51.5,55,16.4,96.69,9.2
,Khris Middleton,MIL,25,29,19,10,30.7,109.7,104,5.7,17.5,1.52,18.4,1.5,15.3,8.5,12.1,51.8,57,23.2,94.63,10.4
,Malcolm Brogdon,MIL,24,75,38,37,26.4,109.2,106.5,2.7,23.9,2.81,28.3,2.8,9.7,6.3,10.1,51.8,55.5,18.6,96.37,9.8
,Matthew Dellavedova,MIL,26,76,39,37,26.1,106,107,-1.1,25.9,2.68,33.5,1.4,7.2,4.3,12.5,46.3,50.1,16.1,97.5,6.6
,Michael Beasley,MIL,28,56,23,33,16.7,106.9,108.5,-1.6,9.6,0.8,9.3,5.1,18.6,12,11.6,55.4,58.4,24.8,97.91,11.6
,Mirza Teletovic,MIL,31,70,36,34,16.2,106.4,103,3.4,6.3,1.3,9.2,1.1,15,8.2,7.1,49.8,51.5,19.1,96.72,6.1
,Terrence Jones,MIL,25,54,20,34,23.5,103.1,104.8,-1.7,7.5,1.23,8.8,5.3,20.3,12.6,7.1,48.9,51.5,21.6,99.53,11
,Tony Snell,MIL,25,80,42,38,29.2,107,108.2,-1.2,5.8,1.75,13.4,1.1,11.1,6.2,7.7,58.8,60.3,12.2,96.85,6.5
,Dion Waiters,MIA,25,46,27,19,30.1,106.5,103.8,2.8,23.4,1.94,19.6,1.5,10.7,6.1,10.1,48.8,50.7,26.4,98.03,10
,Goran Dragic,MIA,31,73,40,33,33.7,106.7,106,0.6,28.3,2,22,2.8,9.8,6.3,11,52.7,57.5,26.8,98.16,13
,Hassan Whiteside,MIA,28,77,39,38,32.6,106.6,105.3,1.3,3.7,0.37,4.2,12.9,34.9,23.9,11.5,55.7,57.9,22.6,97.11,16.3
,James Johnson,MIA,30,76,40,36,27.4,104.9,102.3,2.6,21,1.61,21.1,3.5,16.3,9.9,13,53.5,56.4,21.9,98.7,12
,Josh McRoberts,MIA,30,22,6,16,17.3,100.1,109.4,-9.3,20,2.17,25.6,6.5,15.4,10.8,11.8,42.8,43.9,17.5,93.81,7.1
,Josh Richardson,MIA,23,53,23,30,30.5,104.4,103.3,1.2,12.8,2.15,18.6,2.3,9.5,5.7,8.6,46.7,49.3,16.8,97.52,6.9
,Justise Winslow,MIA,21,18,4,14,34.7,101.1,101.5,-0.4,15.3,2,19.1,4,12.2,8.1,9.6,37.1,39.9,20,97.53,5.9
,Luke Babbitt,MIA,28,68,35,33,15.7,104,102.2,1.8,4.9,1.44,10.3,1.3,13.2,7.3,7.2,55.7,56.3,13.3,97.22,5.4
,Rodney McGruder,MIA,25,78,40,38,25.2,105.3,105.6,-0.2,8.8,2.21,18.5,5.4,9.3,7.4,8.3,49.2,50.6,12.4,96.98,5.6
,Tyler Johnson,MIA,25,73,35,38,29.8,104,103.5,0.5,17,2.59,18.5,2.5,12.5,7.4,7.1,49,53.5,20.7,98.21,10.8
,Wayne Ellington,MIA,29,62,35,27,24.2,107.1,104.4,2.7,7,2.33,10.4,1.3,8.7,4.9,4.5,55,56.5,17.9,97.3,8.2
,Andrew Harrison,MEM,22,72,38,34,20.5,102.3,102.5,-0.3,20.9,2.33,27.2,1.7,9,5.3,11.7,38.5,47.7,16.4,94.76,5.3
,Brandan Wright,MEM,29,28,14,14,16,106.1,102.3,3.9,6,1.5,8.6,7.8,11.5,9.7,5.7,61.5,62.8,16.6,93.54,11.6
,Chandler Parsons,MEM,28,34,18,16,19.8,104.1,107.6,-3.6,12.2,2.29,17.2,1,14.1,7.3,7.5,39.4,43.6,18.4,94.04,5.6
,JaMychal Green,MEM,27,77,40,37,27.3,104.8,104.4,0.4,6.4,0.89,11.2,9.1,21.2,15,12.5,55.5,60.1,14.7,94.31,9.3
,James Ennis III,MEM,26,64,32,32,23.4,104.6,103.9,0.7,6.7,1.08,13,5.1,14.3,9.7,12,53.4,58.1,12.9,95.06,7
,Marc Gasol,MEM,32,74,40,34,34.2,106.5,105.1,1.4,24.6,2.04,18.7,2.7,19,10.6,9.2,50.3,55.4,26.7,94.43,15.1
,Mike Conley,MEM,29,69,35,34,33.2,108.6,105.5,3.1,32.9,2.78,24.6,1.5,10.8,6.1,8.9,54.5,60.4,26.3,94.64,16
,Toney Douglas,MEM,31,24,15,9,16.4,107.4,107.7,-0.3,21.4,2.67,27.1,3.5,15.7,9,10.2,39.7,45.1,16.5,96.28,7.3
,Tony Allen,MEM,35,71,36,35,27,105.6,104.4,1.2,8.3,0.98,11.5,9.5,13.9,11.6,11.8,47.3,49.3,18.1,93.85,8
,Troy Daniels,MEM,25,67,33,34,17.7,104.6,104.3,0.3,6.5,1.02,7.5,2,7.7,4.7,7.4,51.3,53.1,21,95.85,6.5
,Vince Carter,MEM,40,73,36,37,24.7,107.2,103.6,3.6,11.2,2.66,18.4,2.3,12.8,7.4,6.9,50.8,54.2,14.9,95.02,7.8
,Wayne Selden,MEM,22,14,6,8,16.9,98.4,105.8,-7.4,9,1.08,14,0.5,6.6,3.7,12.9,49.1,52.5,16.2,94.78,4.4
,Zach Randolph,MEM,35,73,38,35,24.5,104.1,105.2,-1.1,13.1,1.23,9.6,11.3,28,19.3,7.8,46,49,28.5,94.36,15.2
,Brandon Ingram,LAL,19,79,26,53,28.9,104.6,112.6,-8,10.5,1.43,15.6,2.8,12.8,7.6,10.9,44.2,47.4,16.9,100.45,5.5
,Corey Brewer,LAL,31,82,47,35,15.6,107.5,104.6,3,10.4,1.76,18.3,2.7,11.8,7.2,10.4,46.1,49.1,14.5,101.21,5.7
,D'Angelo Russell,LAL,21,63,21,42,28.7,104.7,113.4,-8.7,26.9,1.72,21.2,1.8,12,6.6,12.3,48.3,51.8,26.7,100.87,9.9
,David Nwaba,LAL,24,20,5,15,19.9,102.8,100.6,2.2,4.8,1.27,11.4,4.9,13.1,9,8.9,58.6,61.1,12,100.9,7.6
,Ivica Zubac,LAL,20,38,8,30,16,103.6,112.9,-9.3,7.8,1,9.4,7.2,21,14,9.4,52.9,54.7,20.4,102.85,10
,Jordan Clarkson,LAL,25,82,26,56,29.2,103,112,-8.9,14.3,1.3,14,2.2,9.3,5.7,10.8,50,52.6,23.2,101.34,8.4
,Julius Randle,LAL,22,74,24,50,28.8,103.1,113.3,-10.2,19.5,1.53,19.8,7.4,25.4,16.1,13,49.9,54.3,21.5,100.9,11.3
,Larry Nance Jr.,LAL,24,63,21,42,22.9,103.3,108.3,-5,9.6,1.71,17.5,8.9,20.4,14.4,10.2,54,56.7,13.4,101,10.1
,Luol Deng,LAL,32,56,18,38,26.5,102,108.4,-6.4,7.3,1.72,13,4.4,17.2,10.6,7.6,44.7,47,14.3,100.3,7.7
,Nick Young,LAL,32,60,19,41,25.9,105.2,112.1,-6.9,5.7,1.61,7.6,1.7,8.1,4.7,4.7,56.4,58.8,19.5,100.59,7.5
,Tarik Black,LAL,25,67,24,43,16.3,103.6,105.5,-1.9,5.2,0.67,8.9,13.8,20.2,16.9,13.2,51.2,56,15.4,100.72,8.5
,Timofey Mozgov,LAL,30,54,16,38,20.4,99.8,109,-9.2,6.1,0.6,9,9.7,16,12.7,15.1,51.5,55.3,17,99.38,7.2
,Austin Rivers,LAC,24,74,43,31,27.8,107.9,108,-0.1,15.5,1.77,18,1.1,7.6,4.4,10.1,51.8,54.5,20.3,98.18,6.9
,Blake Griffin,LAC,28,61,40,21,34,115.2,104.6,10.6,23.5,2.11,18.8,6.4,20.4,13.7,8.9,51.3,56.9,27.8,98.71,15.2
,Chris Paul,LAC,32,61,43,18,31.5,116.2,101.3,14.9,44.4,3.83,35,2.5,14.9,8.9,9.1,55.5,61.4,24.3,98.19,18.2
,DeAndre Jordan,LAC,28,81,51,30,31.7,113.4,103.7,9.7,5.4,0.83,9.8,13.6,34.3,24.3,11.8,71.4,67.3,15.3,98.43,15
,JJ Redick,LAC,33,78,50,28,28.2,114.6,105,9.7,7.4,1.12,9.3,0.6,7.8,4.4,8.3,55.8,59.9,21.7,98.78,8.9
,Jamal Crawford,LAC,37,82,51,31,26.3,106.7,108.4,-1.7,15.9,1.6,16.4,0.9,5.8,3.4,10.2,47.9,52.5,22.5,98.53,7.9
,Luc Mbah a Moute,LAC,30,80,49,31,22.3,112.3,102,10.3,2.9,0.85,7.8,2.9,7.5,5.3,9.2,56.2,58.1,11.7,98.35,5.6
,Marreese Speights,LAC,29,82,51,31,15.7,106,108.4,-2.4,8.5,0.94,8.8,7.7,24.5,16.1,9.3,53.9,58.4,23.9,97.43,11.4
,Raymond Felton,LAC,33,80,50,30,21.2,104.6,108.7,-4.1,17.2,2.3,23.4,2.1,11.8,7,10.2,47.5,49.6,16.6,97.95,7.8
,CJ Miles,IND,30,76,39,37,23.4,106.9,106,0.8,4.1,1.2,6.2,1.9,12.9,7.3,5.2,56.5,59.2,18.3,97.81,8.6
,Glenn Robinson III,IND,23,69,35,34,20.7,103.7,105.5,-1.9,4.8,1.27,10.3,4.6,14.4,9.7,8.1,54,56.4,12.9,98.72,8.1
,Jeff Teague,IND,29,82,42,40,32.4,108.1,106.8,1.2,35.9,2.96,32.8,1.4,12.3,7,11.1,49.2,57.4,22.1,98.98,13.1
,Lance Stephenson,IND,26,18,8,10,20.1,101.3,99.8,1.6,25.4,2.27,28,1.2,14.9,7.9,12.3,47.5,48.5,18.5,97.76,8.9
,Monta Ellis,IND,31,74,39,35,27,106.6,107.1,-0.5,17.1,1.75,24,1.1,10.3,5.8,13.7,48.2,51.4,16.9,98.1,6.9
,Myles Turner,IND,21,81,42,39,31.4,108.3,105.1,3.2,6.5,1.01,8.7,6.4,19.2,13.1,8.7,53.4,58.5,19.7,98.5,11.2
,Paul George,IND,27,75,39,36,35.9,108.9,106,2.9,15.7,1.14,12.7,2.5,17.8,10.3,11.1,53.4,58.7,29,98.13,13.6
,Rodney Stuckey,IND,31,39,17,22,17.9,104.6,105.5,-0.9,18.4,1.58,19.6,1,12.5,6.7,12.4,41.2,48.3,22.2,96.83,7.5
,Thaddeus Young,IND,29,74,40,34,30.2,107.2,104.7,2.5,8.2,1.28,13,6.7,15.2,11.1,10.1,56,56.2,16.5,98.97,9.7
,Clint Capela,HOU,23,65,44,21,23.9,113.7,105.9,7.8,6.6,0.72,8,12.7,25,18.8,11,64.3,63.8,20.1,101.19,13
,Eric Gordon,HOU,28,75,50,25,31,110.8,104.6,6.2,12.5,1.55,13.4,1.4,7.8,4.6,8.6,52.7,55.7,22,103.07,8.2
,James Harden,HOU,27,81,54,27,36.4,113.6,107.3,6.3,50.5,1.95,27.6,3.5,21.2,12.3,14.1,52.5,61.3,34.1,102.98,19
,Lou Williams,HOU,30,81,34,47,24.6,108.7,109,-0.4,19.3,1.49,15,1.4,9.6,5.5,10,51.1,59.3,28.3,103.22,13.3
,Montrezl Harrell,HOU,23,58,39,19,18.3,112.3,108.8,3.5,9.7,1.45,12.6,8.4,13.7,11.1,8.7,65.4,66.2,17.6,102.52,10.8
,Nene,HOU,34,67,47,20,17.9,109.4,102.8,6.6,8.8,0.89,10.5,8.5,17,12.7,11.7,62.1,63,19.3,104.55,11
,Patrick Beverley,HOU,28,67,46,21,30.7,113.3,106,7.3,18.4,2.81,29.1,5,15.9,10.4,10.4,52.1,54.6,14.1,101.61,8.5
,Ryan Anderson,HOU,29,72,50,22,29.4,113.8,105.8,7.9,4.6,1.24,7.1,5.8,11.5,8.6,5.7,55,58.3,17.9,101.8,7.9
,Sam Dekker,HOU,23,77,52,25,18.4,109,106.2,2.8,7.9,1.85,13.2,7.3,14.5,10.9,7.1,54.3,54.9,15,102.25,8.7
,Trevor Ariza,HOU,32,80,53,27,34.7,112.9,107.1,5.7,8.8,2.4,15.9,2.1,16.2,9.1,6.6,52.8,54.8,14.1,102.78,8.5
,Troy Williams,HOU,22,30,19,11,18.6,100.1,105.5,-5.4,7.2,0.78,10.5,2.9,10.7,6.8,13.4,49.1,51.1,17.1,98.77,5.5
,Andre Iguodala,GSW,33,76,64,12,26.3,114.3,101,13.4,16.9,4.5,33.5,3,13.1,8.4,7.4,60.5,62.4,11.3,101.92,10.2
,Draymond Green,GSW,27,76,62,14,32.5,115.2,99.3,15.9,27.2,2.9,36.5,4.6,20.5,13.2,12.6,48.1,52.2,16,103.34,11.7
,Kevin Durant,GSW,28,62,51,11,33.4,117.2,101.3,16,21.8,2.17,18.4,2.3,23.2,13.7,8.5,59.4,65.1,27.6,103.71,18.6
,Klay Thompson,GSW,27,78,66,12,34,115.6,100.9,14.7,9,1.25,9.1,2.2,9.1,6,7.3,56.5,59.2,26.2,102.15,10.9
,Matt Barnes,GSW,37,74,38,36,24,104.3,106.9,-2.5,16.2,1.82,24,4.5,20,12.3,13.1,48.3,51.4,15.6,97.99,8.1
,Patrick McCaw,GSW,21,71,57,14,15.1,104.3,104.9,-0.7,9.9,2.14,20.6,2.1,7.8,5,9.6,51.6,54,11.9,102.03,5.6
,Shaun Livingston,GSW,31,76,63,13,17.7,107.7,100.2,7.6,14.6,2.24,25.6,2.5,9.5,6.2,11.4,54.9,56.8,13.5,98.4,7.3
,Stephen Curry,GSW,29,79,65,14,33.4,118.1,100.9,17.2,28.7,2.19,22.2,2.7,11.3,7.3,10.1,58,62.4,29.2,105.08,15.1
,Zaza Pachulia,GSW,33,70,58,12,18.1,115.8,100,15.8,13.1,1.52,22.7,13,22.5,18,15,53.4,58.8,15.1,102.91,10
,Andre Drummond,DET,23,81,36,45,29.7,102.6,108.9,-6.3,6,0.59,6.9,14.6,37.3,25.2,11.6,53.1,51.8,22.4,96.5,13.6
,Aron Baynes,DET,30,75,34,41,15.5,103.7,98.5,5.2,3.9,0.64,8,10.8,20.6,15.8,12.4,51.3,57,14.3,97.23,8.5
,Ish Smith,DET,28,81,37,44,24.1,104.8,104.2,0.6,31.9,3.73,31.6,1.1,12.1,6.5,8.5,45.8,47.7,20.4,97.62,10.7
,Jon Leuer,DET,28,75,34,41,25.9,101.8,104.1,-2.3,8.8,1.68,12.7,5.5,17.4,11.2,7.6,51.8,55.1,17.3,97.11,10
,Kentavious Caldwell-Pope,DET,24,76,33,43,33.3,103.7,107.7,-4,11.1,2.24,15,2.2,8.7,5.3,6.7,48.1,51.9,19.1,97.61,7.8
,Marcus Morris,DET,27,79,36,43,32.5,102.8,105.7,-2.8,9.5,1.84,12,3.1,12.7,7.7,6.5,47.7,50.8,20.2,97.01,8
,Reggie Bullock,DET,26,31,13,18,15.1,104.7,99.8,5,8.6,2.9,17.1,2.9,11.9,7.3,5.9,53.1,53.8,13.1,98.05,8.1
,Reggie Jackson,DET,27,52,23,29,27.4,101.7,110.5,-8.8,30.6,2.37,24.1,1.5,7.7,4.3,10.2,46.8,51,26.4,96.85,9.2
,Stanley Johnson,DET,21,77,35,42,17.8,104,103.7,0.2,10.6,1.48,18.6,2.9,12.9,7.7,12.6,41.5,43.6,14.8,96.99,4.8
,Tobias Harris,DET,24,82,37,45,31.3,104.3,105.5,-1.3,8.7,1.48,10.1,2.6,15.5,8.9,6.9,53.2,56.8,21.8,97.41,11.3
,Danilo Gallinari,DEN,28,63,31,32,33.9,112.1,109.4,2.7,9,1.65,11.9,2.1,14.4,8.4,7.2,53.1,62.2,20,100.53,11.4
,Darrell Arthur,DEN,29,41,20,21,15.6,108.3,108.8,-0.4,9.9,1.17,13.9,4.3,15.5,9.8,11.9,56.5,58.3,18,99.85,7.7
,Emmanuel Mudiay,DEN,21,55,25,30,25.6,106.8,112.3,-5.5,22.2,1.76,22.5,2.3,11.6,7,12.8,42.8,48.3,22.4,101.93,7.4
,Gary Harris,DEN,22,57,29,28,31.3,115,114,1,12.9,2.16,17.5,3.1,8.3,5.7,8.1,58.6,61.1,18.5,100.41,9.1
,Jamal Murray,DEN,20,82,40,42,21.5,109.1,108.1,1,14.2,1.5,16,2.6,10.4,6.6,10.6,48.3,51.8,21.6,101.15,7.8
,Jameer Nelson,DEN,35,75,34,41,27.3,110.8,109.7,1.1,25.8,3.01,33.6,1.5,8.9,5.2,11.2,53.1,54.4,15.7,100.06,7.5
,Kenneth Faried,DEN,27,61,29,32,21.2,109,112.1,-3.1,6.4,0.93,9,15.7,24.3,20,9.6,54.8,58.8,18.1,100.81,12.4
,Mason Plumlee,DEN,27,81,38,43,26.5,111.2,111.3,0,18.7,2.12,24.2,9,22.2,15.7,11.4,53.6,55.8,18.1,99.06,11.2
,Nikola Jokic,DEN,22,73,37,36,27.9,114.9,109.8,5.1,26.6,2.1,24.2,11.9,27.2,19.7,11.5,60.5,64,23.4,100.76,16.7
,Will Barton,DEN,26,60,31,29,28.4,107.7,110.6,-2.9,18.5,2.12,19.6,3.7,13.2,8.4,9.2,50.8,54.7,21.1,100.14,10.2
,Wilson Chandler,DEN,30,71,35,36,30.9,110.1,111.8,-1.7,9.7,1.24,11,5.2,17.8,11.5,8.9,52,54.5,22.1,100.43,9.8
,Devin Harris,DAL,34,65,29,36,16.7,105.5,103.4,2.1,19.7,2.39,23,1.1,12.6,6.7,9.6,48.4,54.9,19.4,95.46,9.5
,Dirk Nowitzki,DAL,39,54,23,31,26.4,104.8,106.5,-1.7,9.9,1.61,9.5,1.8,26.7,14,5.9,49.5,52.9,25.5,96.06,12.4
,Dorian Finney-Smith,DAL,24,81,33,48,20.3,104.1,105.6,-1.4,6.1,1.49,14.2,3.7,12.4,7.9,9.5,45.6,48.6,11.7,93.28,4.9
,Dwight Powell,DAL,25,77,30,47,17.3,104.2,110.6,-6.4,6.2,1.44,9.4,7.7,20.2,13.5,6.5,54.2,58.8,16.6,93.78,10.7
,Harrison Barnes,DAL,25,79,32,47,35.5,103.6,105.7,-2.1,7.6,1.14,7.2,3.7,13.2,8.2,6.3,49.8,54.1,25.5,93.9,11.2
,J.J. Barea,DAL,33,35,11,24,22,104.6,102.8,1.8,42.1,3.06,31.1,1.3,11.7,6.4,10.1,49.1,52.1,26.1,95.14,13.4
,Nerlens Noel,DAL,23,51,24,27,20.5,103,105.5,-2.6,7.8,0.98,10.9,10,22.5,16.1,11.1,59.5,62.2,17.6,98.69,12.7
,Seth Curry,DAL,26,70,30,40,29,104.9,105.6,-0.7,15.9,2.05,18.4,1.4,9.5,5.2,8.9,57.8,60.1,19.7,93.53,10.3
,Wesley Matthews,DAL,30,73,29,44,34.2,103.3,106.8,-3.5,13.8,2.06,17,0.8,11.7,6,8.2,49.6,53.3,19.6,94.04,8.1
,Yogi Ferrell,DAL,24,46,18,28,26,104.2,108.3,-4.1,23.2,2.46,25.5,1.8,9.1,5.3,10.4,49.2,53.3,19.6,95.91,8.4
,Andrew Bogut,CLE,32,27,8,19,21.6,95.7,97.4,-1.7,13.3,1.14,27.6,10.3,32,20.7,24.2,46.9,46,10.6,93.14,9.2
,Channing Frye,CLE,34,74,44,30,18.9,110.1,109,1,5,0.85,6.9,3.1,19,11.4,8.1,58.9,61.2,19.6,98.14,10.1
,Deron Williams,CLE,33,64,25,39,25.9,104.7,107.5,-2.8,35,2.61,31.4,0.9,9.6,5.1,12,50.9,54.1,22.4,94.28,10
,Derrick Williams,CLE,26,50,16,34,16.1,104.4,107.6,-3.2,5.4,1,8.3,2.6,15,8.9,8.3,50.4,53.7,17.7,96.49,7.4
,Iman Shumpert,CLE,27,76,48,28,25.5,110.1,108.2,1.9,8,1.4,15.2,2.3,9.8,6.2,10.9,50.7,53.6,14.2,97.99,5.5
,JR Smith,CLE,31,41,25,16,29,111.4,108.1,3.3,7.1,2.38,13.8,1.6,8.6,5.2,5.8,47.9,48.4,14.5,99.02,4.6
,Kevin Love,CLE,28,60,40,20,31.4,113.2,106,7.2,9.3,0.95,9.4,8.7,29.5,19.3,9.9,51,57.3,25.5,99.66,14.8
,Kyle Korver,CLE,36,67,33,34,26.2,104.6,109.5,-4.9,9.3,1.59,15.4,0.5,11.4,6,9.7,62.1,63.5,15.1,100,8.1
,Kyrie Irving,CLE,25,72,47,25,35.1,114.2,109.1,5.1,27.8,2.32,19.3,2.3,7.5,5,8.3,53.5,58,30.2,99.12,13.5
,LeBron James,CLE,32,74,51,23,37.8,114.9,107.1,7.7,38.8,2.13,25.6,4,20.9,12.7,12,59.4,61.9,29.7,98.38,18.3
,Richard Jefferson,CLE,37,79,50,29,20.4,110.3,106.9,3.4,6.8,1.5,15,2,11.5,7,10,53.6,57.4,12.3,98.11,5.3
,Tristan Thompson,CLE,26,78,50,28,30,110.6,107.7,2.9,4.6,1.2,11.5,13.5,19.6,16.6,9.5,60,59.4,11.2,98.28,8.9
,Bobby Portis,CHI,22,64,30,34,15.6,101.7,106,-4.3,5.9,0.95,7.4,7.8,24.2,15.8,7.8,53.1,54.5,19.3,97.38,11
,Cristiano Felicio,CHI,24,66,31,35,15.8,102.9,103,-0.1,6.1,1.21,11.9,13.1,19.9,16.5,9.9,57.9,60.3,12.6,97.27,10
,Denzel Valentine,CHI,23,57,28,29,17.1,104,104.5,-0.5,9.5,1.29,15.4,1.2,16.1,8.5,12,48.1,49.2,15.6,97.94,5.8
,Dwyane Wade,CHI,35,60,29,31,29.9,103.1,105.5,-2.4,22.1,1.65,15.8,3.7,12.5,8,9.6,45.7,50.8,29.3,98.2,12.1
,Isaiah Canaan,CHI,26,39,19,20,15.2,99.9,106.7,-6.8,9.9,1.76,15.1,1,8.2,4.5,8.6,43.6,48.3,15.6,96.46,5.6
,Jerian Grant,CHI,24,63,29,34,16.3,106.4,103.8,2.6,17.2,2.75,24.3,1.8,10,5.9,8.8,50.7,55.5,16.3,97,8.4
,Jimmy Butler,CHI,27,76,40,36,37,106.4,103.4,3,24.3,2.62,19.6,5,13.1,9,7.5,49.2,58.6,26.5,97.78,16.4
,Michael Carter-Williams,CHI,25,45,25,20,18.8,103.3,104.1,-0.8,20.3,1.71,21.8,2.9,16.9,9.7,12.7,39.1,43.7,20.7,98.47,7
,Nikola Mirotic,CHI,26,70,37,33,24,107.7,103,4.7,6.9,0.94,9,4,20.8,12.5,9.6,51.6,54.6,19.8,97.95,10.4
,Paul Zipser,CHI,23,44,21,23,19.2,103.3,101.7,1.6,6.2,0.9,11.4,1.9,13.8,7.9,12.7,47.3,50.3,14.5,97.93,5
,Rajon Rondo,CHI,31,69,34,35,26.7,104.2,106.3,-2.1,36.1,2.73,38,4.3,16.7,10.5,13.9,45.3,46.1,17.7,97.96,10.6
,Robin Lopez,CHI,29,81,40,41,28,105.3,105.1,0.2,5.4,0.88,8.1,11.4,13.1,12.2,9.2,49.3,51.1,17.4,97.27,8.3
,Cody Zeller,CHA,24,62,33,29,27.8,108.4,102.9,5.4,8.7,1.52,14.3,8.5,17.6,13,9.4,57.1,60.4,15.4,97.57,9.6
,Frank Kaminsky,CHA,24,75,31,44,26.1,108.3,107.3,0.9,13.1,2.13,14.6,3.3,15.8,9.6,6.9,47.1,50.2,22,98.15,8.5
,Jeremy Lamb,CHA,25,62,27,35,18.4,107.6,108.7,-1.1,11.3,1.88,11.3,2.9,22.4,12.7,6,50.2,55,23.5,95.9,12.4
,Kemba Walker,CHA,27,79,36,43,34.7,109,105.4,3.6,28.2,2.58,19.6,1.8,10.7,6.2,7.6,52.7,56.9,29.1,98.19,13.7
,Marco Belinelli,CHA,31,74,34,40,24,107.2,107.4,-0.1,13.1,2.1,16.2,0.9,10.4,5.6,7.7,51.2,56.6,19.3,97.98,8.8
,Marvin Williams,CHA,31,76,32,44,30.2,105.9,106.4,-0.5,7.2,1.77,11.3,4.2,20.2,12,6.4,51,55.1,16.3,97.82,9.6
,Michael Kidd-Gilchrist,CHA,23,81,36,45,29,105.4,103.8,1.6,7.4,2.04,13.1,7.1,19.4,13.1,6.4,47.8,52.8,14.6,97.79,9.3
,Nicolas Batum,CHA,28,77,35,42,34,107.4,106.2,1.3,27.3,2.35,26.1,1.9,18.4,10.1,11.1,47.2,52.9,22.1,98.76,11.8
,Ramon Sessions,CHA,31,50,23,27,16.2,103.4,108.2,-4.8,24,2.8,26.3,1.5,7.8,4.8,9.4,42,49.5,19.7,99.63,7.9
,Al Horford,BOS,31,68,46,22,32.3,110.7,105.8,5,23.9,2.93,25.7,4.9,18.3,11.8,8.8,52.7,55.3,19.9,98.96,12.5
,Amir Johnson,BOS,30,80,51,29,20.1,111.4,103.4,8,12.5,1.82,22.2,8.4,16.9,12.7,12.2,61.2,62.8,13.8,97.94,9.1
,Avery Bradley,BOS,26,55,34,21,33.4,108.7,107.5,1.2,10.7,1.39,11.9,4,16.1,10.1,8.6,53.3,54.8,21.8,99.23,9.9
,Isaiah Thomas,BOS,28,76,51,25,33.8,113.6,108.6,5,30.5,2.13,18.5,1.9,7,4.5,8.7,54.6,62.5,33.7,99.84,16.1
,Jae Crowder,BOS,26,72,48,24,32.4,112.3,104.5,7.8,9.7,1.94,14.8,2.4,17.1,9.9,7.6,57.2,61.3,17,99.94,10.3
,Jaylen Brown,BOS,20,78,50,28,17.2,103,105.1,-2.2,7.7,0.94,10.5,3.8,14.6,9.2,11.2,50.8,53.9,18.3,99.02,7.1
,Jonas Jerebko,BOS,30,78,51,27,15.8,108.9,105.7,3.2,8.1,1.82,18.3,5.5,19.2,12.5,10,52.1,53.7,11.5,98.94,6.9
,Kelly Olynyk,BOS,26,75,49,26,20.5,103.7,104.2,-0.4,15.9,1.54,18.4,5.3,20.7,13.1,11.9,57.9,60.3,18.8,99.85,11
,Marcus Smart,BOS,23,79,51,28,30.4,107.2,104.7,2.5,22.6,2.29,26.3,3.6,10.7,7.1,11.5,42.2,48.6,18.5,100.29,8.1
,Terry Rozier,BOS,23,74,47,27,17.1,102.2,102.5,-0.2,16.4,2.79,21.2,3.4,16.2,9.8,7.6,43.7,46.6,17.2,98.27,9.1
,Brook Lopez,BKN,29,75,20,55,29.6,103.4,107.6,-4.2,14.3,0.96,10.4,5.8,13,9.5,10.9,53.1,57.8,29,104.03,12.4
,Caris LeVert,BKN,22,57,15,42,21.7,104.9,107.6,-2.7,13.2,1.86,18.6,2,14.1,8.1,10,52.8,55.6,16.4,104.52,8.6
,Isaiah Whitehead,BKN,22,73,17,56,22.5,103.5,106.4,-2.9,17.3,1.35,21.5,2.1,9.3,5.9,15.9,44.5,48.7,18.3,102.31,5.2
,Jeremy Lin,BKN,28,36,13,23,24.5,103.5,106.4,-2.9,33.8,2.14,25.1,1.3,14.6,8,11.7,51,56.6,25.9,106.86,13.1
,Joe Harris,BKN,25,52,10,42,21.9,97.4,107.9,-10.5,7.6,0.98,11,1.4,11.7,6.6,11.2,54.3,55.8,16.1,105.53,6.1
,Justin Hamilton,BKN,27,64,14,50,18.4,98.2,109.5,-11.3,7.4,1.28,11,6.2,17.2,11.6,8.6,53.2,55,16.2,103.44,9.2
,Randy Foye,BKN,33,69,17,52,18.6,101.9,108.9,-7,15.3,1.69,23.8,0.7,12.4,6.5,14.1,46.6,50.6,14.5,103.71,5.7
,Rondae Hollis-Jefferson,BKN,22,78,19,59,22.6,101.9,106.6,-4.7,13.5,1.33,16.7,5.8,21,13.5,12.6,44.7,51.7,18.7,104.94,9.8
,Sean Kilpatrick,BKN,27,70,14,56,25.1,102.3,108.7,-6.4,14.7,1.16,13.9,1.4,15.3,8.5,11.9,48.6,54.6,23.7,103.54,9.9
,Spencer Dinwiddie,BKN,24,59,13,46,22.6,101.4,106.3,-4.9,21,2.8,29.7,2.2,10.9,6.6,10.6,50.7,58.1,14.4,101.2,8.7
,Trevor Booker,BKN,29,71,18,53,24.7,99.4,107.3,-7.9,13.1,1.09,15.3,8.9,25.1,17.2,14,53.7,55.4,18.8,103.12,12.7
,Dennis Schroder,ATL,23,79,42,37,31.5,103.4,105.4,-2,34,1.93,24,1.9,8.8,5.4,12.4,49.3,53.3,27.6,100.32,11.7
,Dwight Howard,ATL,31,74,37,37,29.7,101.1,103.1,-2,7.6,0.61,9.7,15.3,31,23.4,15.8,63.3,62.7,19.1,99.8,15.1
,Ersan Ilyasova,ATL,30,82,35,47,26.1,102.8,103.7,-0.9,10.7,1.22,11.4,5.9,18.4,12.2,9.4,51.1,54.6,22,101.47,10.6
,Kent Bazemore,ATL,27,73,39,34,26.9,102.9,105.2,-2.3,14,1.42,16.1,2.6,10,6.4,11.4,47.3,50.4,20.4,100.37,7.4
,Malcolm Delaney,ATL,28,73,37,36,17.1,102.2,100,2.2,24.1,2.03,26.9,0.9,10.4,5.6,13.3,40.7,45.6,18.7,98.7,6.4
,Mike Dunleavy,ATL,36,53,34,19,15.9,98.2,102.5,-4.3,9.7,1.79,15.7,2.4,12.4,7.4,8.8,54.3,57.3,14.1,98.53,7.7
,Mike Muscala,ATL,25,70,36,34,17.7,102,105.1,-3.1,12.1,1.73,18.4,6.9,15,10.9,10.7,57.3,59.6,14.9,99.78,9.7
,Paul Millsap,ATL,32,69,40,29,34,105,103,2,17.2,1.59,16.2,5.3,19.2,12.4,10.1,48.1,54.2,24.3,100.22,12.6
,Taurean Prince,ATL,23,59,28,31,16.6,97.6,98.4,-0.8,9.1,0.9,12.4,2.7,14.3,8.5,13.8,45.8,51.3,17.1,100.03,7.4
,Thabo Sefolosha,ATL,33,62,32,30,25.7,102.8,103.3,-0.5,9.9,1.84,18,3.8,14.8,9.4,9.8,49.2,51.9,13.4,99.53,8.6
,Tim Hardaway Jr.,ATL,25,79,42,37,27.3,106.2,103.1,3.1,13.7,1.72,14.1,1.9,9.4,5.8,8.2,53.7,56.8,22.3,100.66,10.4